{
  "version": "r4.2",
  "feature": "flattened_window_504+ocean5",
  "n_windows": 43651,
  "input_dim": 509,
  "n_positive": 125,
  "n_folds": 5,
  "seeds": [
    42,
    123,
    456
  ],
  "cross_validation": {
    "per_seed": [
      {
        "seed": 42,
        "mean": {
          "auprc": 0.4853827015236953,
          "auroc": 0.8279594891320542,
          "f1_best": 0.5651721146699626,
          "p_at_10": 0.8600000000000001,
          "p_at_20": 0.5800000000000001,
          "p_at_50": 0.26399999999999996,
          "median_days": -0.8
        },
        "std": {
          "auprc": 0.1634063166881689,
          "auroc": 0.09078641193214751,
          "f1_best": 0.12311149022932881,
          "p_at_10": 0.14966629547095764,
          "p_at_20": 0.1691153452528776,
          "p_at_50": 0.08708616422830895
        }
      },
      {
        "seed": 123,
        "mean": {
          "auprc": 0.38341824191811086,
          "auroc": 0.8140164397338179,
          "f1_best": 0.48020936006290693,
          "p_at_10": 0.72,
          "p_at_20": 0.4800000000000001,
          "p_at_50": 0.22000000000000003,
          "median_days": -5.9
        },
        "std": {
          "auprc": 0.15233671183130373,
          "auroc": 0.09098263947880866,
          "f1_best": 0.16920763205401146,
          "p_at_10": 0.26381811916545844,
          "p_at_20": 0.1860107523773827,
          "p_at_50": 0.0758946638440411
        }
      },
      {
        "seed": 456,
        "mean": {
          "auprc": 0.4745211634239088,
          "auroc": 0.8613634695880655,
          "f1_best": 0.5343413459542491,
          "p_at_10": 0.8400000000000001,
          "p_at_20": 0.55,
          "p_at_50": 0.268,
          "median_days": 1.3
        },
        "std": {
          "auprc": 0.17018243379054848,
          "auroc": 0.10531926900036905,
          "f1_best": 0.1459174827903496,
          "p_at_10": 0.233238075793812,
          "p_at_20": 0.15811388300841897,
          "p_at_50": 0.08634813257969161
        }
      }
    ],
    "mean": {
      "auprc": 0.44777403562190504,
      "auroc": 0.8344464661513126,
      "f1_best": 0.5265742735623729,
      "p_at_10": 0.8066666666666666,
      "p_at_20": 0.5366666666666667,
      "p_at_50": 0.25066666666666665,
      "median_days": -1.8
    },
    "std": {
      "auprc": 0.04572194505856212,
      "auroc": 0.01986615148338238,
      "f1_best": 0.03511801985458155,
      "p_at_10": 0.061824123303304744,
      "p_at_20": 0.04189935029992177,
      "p_at_50": 0.021746008573733436,
      "median_days": 3.023243291566195
    },
    "per_fold": [
      {
        "seed": 42,
        "fold": 0,
        "auprc": 0.5716557631459819,
        "auroc": 0.8919200887902331,
        "f1_best": 0.6363636363636364,
        "threshold_best": 0.32615724205970764,
        "p_at_10": 1.0,
        "p_at_20": 0.7,
        "p_at_50": 0.3,
        "median_days": -3.5
      },
      {
        "seed": 42,
        "fold": 1,
        "auprc": 0.3014502141893167,
        "auroc": 0.7324940020564378,
        "f1_best": 0.39024390243902435,
        "threshold_best": 0.3842356503009796,
        "p_at_10": 0.6,
        "p_at_20": 0.4,
        "p_at_50": 0.2,
        "median_days": -6.0
      },
      {
        "seed": 42,
        "fold": 2,
        "auprc": 0.39933691140932615,
        "auroc": 0.7725169828999767,
        "f1_best": 0.5142857142857142,
        "threshold_best": 0.443104088306427,
        "p_at_10": 0.8,
        "p_at_20": 0.5,
        "p_at_50": 0.2,
        "median_days": 8.0
      },
      {
        "seed": 42,
        "fold": 3,
        "auprc": 0.7615668578109728,
        "auroc": 0.9742739592372417,
        "f1_best": 0.7555555555555556,
        "threshold_best": 0.5604545474052429,
        "p_at_10": 1.0,
        "p_at_20": 0.85,
        "p_at_50": 0.42,
        "median_days": -4.0
      },
      {
        "seed": 42,
        "fold": 4,
        "auprc": 0.39290376106287905,
        "auroc": 0.7685924126763821,
        "f1_best": 0.5294117647058825,
        "threshold_best": 0.3429843783378601,
        "p_at_10": 0.9,
        "p_at_20": 0.45,
        "p_at_50": 0.2,
        "median_days": 1.5
      },
      {
        "seed": 123,
        "fold": 0,
        "auprc": 0.11838204652094089,
        "auroc": 0.7622831294824868,
        "f1_best": 0.16,
        "threshold_best": 0.6241392493247986,
        "p_at_10": 0.2,
        "p_at_20": 0.15,
        "p_at_50": 0.1,
        "median_days": 8.0
      },
      {
        "seed": 123,
        "fold": 1,
        "auprc": 0.385938067440773,
        "auroc": 0.7826947344269818,
        "f1_best": 0.5142857142857142,
        "threshold_best": 0.48941394686698914,
        "p_at_10": 0.8,
        "p_at_20": 0.5,
        "p_at_50": 0.2,
        "median_days": -6.0
      },
      {
        "seed": 123,
        "fold": 2,
        "auprc": 0.5055954508459345,
        "auroc": 0.8810431467683244,
        "f1_best": 0.608695652173913,
        "threshold_best": 0.5816935300827026,
        "p_at_10": 0.9,
        "p_at_20": 0.7,
        "p_at_50": 0.32,
        "median_days": -12.0
      },
      {
        "seed": 123,
        "fold": 3,
        "auprc": 0.5560744655153111,
        "auroc": 0.9506983561328889,
        "f1_best": 0.631578947368421,
        "threshold_best": 0.504149854183197,
        "p_at_10": 0.9,
        "p_at_20": 0.6,
        "p_at_50": 0.28,
        "median_days": -12.5
      },
      {
        "seed": 123,
        "fold": 4,
        "auprc": 0.35110117926759477,
        "auroc": 0.6933628318584071,
        "f1_best": 0.48648648648648657,
        "threshold_best": 0.48780062794685364,
        "p_at_10": 0.8,
        "p_at_20": 0.45,
        "p_at_50": 0.2,
        "median_days": -7.0
      },
      {
        "seed": 456,
        "fold": 0,
        "auprc": 0.6009789935997422,
        "auroc": 0.9322082054778953,
        "f1_best": 0.6285714285714286,
        "threshold_best": 0.493192583322525,
        "p_at_10": 1.0,
        "p_at_20": 0.65,
        "p_at_50": 0.32,
        "median_days": 1.0
      },
      {
        "seed": 456,
        "fold": 1,
        "auprc": 0.44327772749094707,
        "auroc": 0.8108750146421458,
        "f1_best": 0.5238095238095238,
        "threshold_best": 0.3866228461265564,
        "p_at_10": 0.8,
        "p_at_20": 0.55,
        "p_at_50": 0.28,
        "median_days": 1.0
      },
      {
        "seed": 456,
        "fold": 2,
        "auprc": 0.15779826248771395,
        "auroc": 0.6804477942806473,
        "f1_best": 0.25806451612903225,
        "threshold_best": 0.4663671851158142,
        "p_at_10": 0.4,
        "p_at_20": 0.25,
        "p_at_50": 0.1,
        "median_days": 7.0
      },
      {
        "seed": 456,
        "fold": 3,
        "auprc": 0.5465703556899872,
        "auroc": 0.9079345603271984,
        "f1_best": 0.5945945945945945,
        "threshold_best": 0.545391321182251,
        "p_at_10": 1.0,
        "p_at_20": 0.6,
        "p_at_50": 0.3,
        "median_days": -1.0
      },
      {
        "seed": 456,
        "fold": 4,
        "auprc": 0.6239804778511537,
        "auroc": 0.9753517732124412,
        "f1_best": 0.6666666666666666,
        "threshold_best": 0.5226464867591858,
        "p_at_10": 1.0,
        "p_at_20": 0.7,
        "p_at_50": 0.34,
        "median_days": -1.5
      }
    ]
  },
  "per_scenario": {
    "2": {
      "auprc": 0.47610609213118804,
      "auroc": 0.8294196572163764,
      "f1_best": 0.5454545454545454,
      "threshold_best": 0.36145204305648804,
      "p_at_10": 1.0,
      "p_at_20": 1.0,
      "p_at_50": 0.9
    }
  },
  "detection_latency": {
    "median_days": -4.5,
    "p90_days": 7.5,
    "detected_count": 26,
    "total_insiders": 70,
    "per_insider": [
      {
        "user_id": "AAF0535",
        "days_to_detect": 2.0,
        "first_flagged_window": "2010-07-01 00:00:00"
      },
      {
        "user_id": "AKR0057",
        "days_to_detect": -5.0,