{
  "version": "r4.2",
  "n_windows": 43651,
  "n_positive": 125,
  "n_folds": 5,
  "seeds": [
    42,
    123,
    456
  ],
  "cross_validation": {
    "per_seed": [
      {
        "seed": 42,
        "mean": {
          "auprc": 0.9813852152538102,
          "auroc": 0.9998658689251257,
          "f1_best": 0.9700445969125214,
          "p_at_10": 1.0,
          "p_at_20": 0.99,
          "p_at_50": 0.496,
          "median_days": -15.6
        },
        "std": {
          "auprc": 0.02603342715587245,
          "auroc": 0.00022997485699337495,
          "f1_best": 0.03386393513830445,
          "p_at_10": 0.0,
          "p_at_20": 0.020000000000000018,
          "p_at_50": 0.026532998322843206
        }
      },
      {
        "seed": 123,
        "mean": {
          "auprc": 0.9870850710557718,
          "auroc": 0.9998514706347785,
          "f1_best": 0.9715686274509803,
          "p_at_10": 1.0,
          "p_at_20": 0.99,
          "p_at_50": 0.496,
          "median_days": -16.9
        },
        "std": {
          "auprc": 0.01632073354117213,
          "auroc": 0.00025835332482632573,
          "f1_best": 0.03567334391894168,
          "p_at_10": 0.0,
          "p_at_20": 0.020000000000000018,
          "p_at_50": 0.04270831300812523
        }
      },
      {
        "seed": 456,
        "mean": {
          "auprc": 0.9866892287311959,
          "auroc": 0.9998307132823075,
          "f1_best": 0.9723604826546003,
          "p_at_10": 1.0,
          "p_at_20": 1.0,
          "p_at_50": 0.496,
          "median_days": -15.3
        },
        "std": {
          "auprc": 0.018446033493155517,
          "auroc": 0.0003072760031194914,
          "f1_best": 0.02904487490586477,
          "p_at_10": 0.0,
          "p_at_20": 0.0,
          "p_at_50": 0.014966629547095779
        }
      }
    ],
    "mean": {
      "auprc": 0.9850531716802594,
      "auroc": 0.9998493509474039,
      "f1_best": 0.971324569006034,
      "p_at_10": 1.0,
      "p_at_20": 0.9933333333333333,
      "p_at_50": 0.496,
      "median_days": -15.933333333333332
    },
    "std": {
      "auprc": 0.0025986664588115824,
      "auroc": 1.4430283236181734e-05,
      "f1_best": 0.0009610775501152283,
      "p_at_10": 0.0,
      "p_at_20": 0.004714045207910321,
      "p_at_50": 0.0,
      "median_days": 0.6944222218666545
    },
    "per_fold": [
      {
        "seed": 42,
        "fold": 0,
        "auprc": 1.0,
        "auroc": 1.0,
        "f1_best": 1.0,
        "threshold_best": 0.9994288086891174,
        "p_at_10": 1.0,
        "p_at_20": 1.0,
        "p_at_50": 0.5,
        "median_days": -16.0
      },
      {
        "seed": 42,
        "fold": 1,
        "auprc": 1.0,
        "auroc": 1.0,
        "f1_best": 1.0,
        "threshold_best": 0.24572622776031494,
        "p_at_10": 1.0,
        "p_at_20": 1.0,
        "p_at_50": 0.5,
        "median_days": -15.0
      },
      {
        "seed": 42,
        "fold": 2,
        "auprc": 0.9856885445472401,
        "auroc": 0.9999609588506285,
        "f1_best": 0.9600000000000001,
        "threshold_best": 0.042402975261211395,
        "p_at_10": 1.0,
        "p_at_20": 0.95,
        "p_at_50": 0.48,
        "median_days": -16.0
      },
      {
        "seed": 42,
        "fold": 3,
        "auprc": 0.9907407407407407,
        "auroc": 0.9999611454326457,
        "f1_best": 0.9811320754716981,
        "threshold_best": 0.9339064955711365,
        "p_at_10": 1.0,
        "p_at_20": 1.0,
        "p_at_50": 0.54,
        "median_days": -17.0
      },
      {
        "seed": 42,
        "fold": 4,
        "auprc": 0.9304967909810709,
        "auroc": 0.9994072403423548,
        "f1_best": 0.9090909090909091,
        "threshold_best": 0.9970128536224365,
        "p_at_10": 1.0,
        "p_at_20": 1.0,
        "p_at_50": 0.46,
        "median_days": -14.0
      },
      {
        "seed": 123,
        "fold": 0,
        "auprc": 0.9999999999999998,
        "auroc": 0.9999999999999999,
        "f1_best": 1.0,
        "threshold_best": 0.9835168719291687,
        "p_at_10": 1.0,
        "p_at_20": 1.0,
        "p_at_50": 0.46,
        "median_days": -15.0
      },
      {
        "seed": 123,
        "fold": 1,
        "auprc": 0.9740713840468398,
        "auroc": 0.9999187411571259,
        "f1_best": 0.9166666666666666,
        "threshold_best": 0.15784180164337158,
        "p_at_10": 1.0,
        "p_at_20": 0.95,
        "p_at_50": 0.48,
        "median_days": -15.0
      },
      {
        "seed": 123,
        "fold": 2,
        "auprc": 1.0,
        "auroc": 0.9999999999999999,
        "f1_best": 1.0,
        "threshold_best": 0.9712134003639221,
        "p_at_10": 1.0,
        "p_at_20": 1.0,
        "p_at_50": 0.58,
        "median_days": -21.0
      },
      {
        "seed": 123,
        "fold": 3,
        "auprc": 0.9999999999999999,
        "auroc": 0.9999999999999999,
        "f1_best": 1.0,
        "threshold_best": 0.9768508672714233,
        "p_at_10": 1.0,
        "p_at_20": 1.0,
        "p_at_50": 0.48,
        "median_days": -15.5
      },
      {
        "seed": 123,
        "fold": 4,
        "auprc": 0.96135397123202,
        "auroc": 0.9993386120167677,
        "f1_best": 0.9411764705882353,
        "threshold_best": 0.011230075731873512,
        "p_at_10": 1.0,
        "p_at_20": 1.0,
        "p_at_50": 0.48,
        "median_days": -18.0
      },
      {
        "seed": 456,
        "fold": 0,
        "auprc": 0.9999999999999998,
        "auroc": 1.0,
        "f1_best": 1.0,
        "threshold_best": 0.9996305704116821,
        "p_at_10": 1.0,
        "p_at_20": 1.0,
        "p_at_50": 0.48,
        "median_days": -14.5
      },
      {
        "seed": 456,
        "fold": 1,
        "auprc": 0.951604651814488,
        "auroc": 0.9992175237202764,
        "f1_best": 0.923076923076923,
        "threshold_best": 0.18254882097244263,
        "p_at_10": 1.0,
        "p_at_20": 1.0,
        "p_at_50": 0.48,
        "median_days": -17.0
      },
      {
        "seed": 456,
        "fold": 2,
        "auprc": 0.997252747252747,
        "auroc": 0.9999911327865219,
        "f1_best": 0.9803921568627451,
        "threshold_best": 0.10064658522605896,
        "p_at_10": 1.0,
        "p_at_20": 1.0,
        "p_at_50": 0.52,
        "median_days": -14.5
      },
      {
        "seed": 456,
        "fold": 3,
        "auprc": 1.0,
        "auroc": 0.9999999999999999,
        "f1_best": 1.0,
        "threshold_best": 0.9756861329078674,
        "p_at_10": 1.0,
        "p_at_20": 1.0,
        "p_at_50": 0.5,
        "median_days": -16.0
      },
      {
        "seed": 456,
        "fold": 4,
        "auprc": 0.9845887445887447,
        "auroc": 0.99994490990474,
        "f1_best": 0.9583333333333334,
        "threshold_best": 0.9313734769821167,
        "p_at_10": 1.0,
        "p_at_20": 1.0,
        "p_at_50": 0.5,
        "median_days": -14.5
      }
    ]
  },
  "per_scenario": {
    "2": {
      "auprc": 0.9821614361017758,
      "auroc": 0.9998886182971098,
      "f1_best": 0.9500000000000001,
      "threshold_best": 0.8427324891090393,
      "p_at_10": 1.0,
      "p_at_20": 1.0,
      "p_at_50": 1.0
    }
  },
  "detection_latency": {
    "median_days": -16.0,
    "p90_days": -13.8,
    "detected_count": 29,
    "total_insiders": 70,
    "per_insider": [
      {
        "user_id": "AAF0535",
        "days_to_detect": -18.0,
        "first_flagged_window": "2010-06-11 00:00:00"
      },
      {
        "user_id": "AKR0057",
        "days_to_detect": -14.0,
        "first_flagged_window": "2010-09-21 00:00:00"
      },
      {
        "user_id": "CCL0068",
        "days_to_detect": -18.0,
        "first_flagged_window": "2010-12-10 00:00:00"
      },
      {
        "user_id": "CEJ0109",
        "days_to_detect": -15.0,
        "first_flagged_window": "2011-01-24 00:00:00"
      },
      {
        "user_id": "CQW0652",
        "days_to_detect": -17.0,